{"cameraMode":{"drawMode":0,"name":"Shaded","section":"Shading Mode"},"sceneLighting":true,"audioPlay":false,"sceneViewState":{"showFog":true,"showMaterialUpdate":false,"showSkybox":true,"showFlares":true,"showImageEffects":true,"showParticleSystems":true},"in2DMode":false,"pivot":{"x":-4.557226181030273,"y":-2.5823755264282228,"z":-0.8517136573791504},"rotation":{"x":0.19958053529262544,"y":-0.6838921308517456,"z":0.20320644974708558,"w":0.6716898083686829},"size":16.840003967285158,"orthographic":false}